title,url
週後半 太平洋側で長期間大雨恐れ,https://news.yahoo.co.jp/pickup/6593981
論文査読にAI活用 誤情報リスクも,https://news.yahoo.co.jp/pickup/6593969
殺人未遂疑いで17歳逮捕 父親死亡,https://news.yahoo.co.jp/pickup/6593976
長期金利3% 住宅ローンの相談殺到,https://news.yahoo.co.jp/pickup/6593983
車田正美氏 46億円の横領被害訴え,https://news.yahoo.co.jp/pickup/6593974
三菱自 新型パジェロを世界初公開,https://news.yahoo.co.jp/pickup/6593972
ヤクルト・石川雅規46歳 引退発表,https://news.yahoo.co.jp/pickup/6593982
小籔千豊 吉本興業を年内で退社,https://news.yahoo.co.jp/pickup/6593967
135歳女優　芸能界引退を報告「感謝しかありません」　科捜研の女シリーズ、おは朝など出演スポニチアネックス9/2(水)14:14,https://news.yahoo.co.jp/articles/bda2cad69dd9ada616f81bd5f2c762509a9d52c6
2新幹線「名古屋」で降りるはずが“寝過ごし”て、気づけば「京都」に！ 戻ると“運賃5000円”ほどかかるけど、追加料金の支払いは必要？ 事情を話せば“無料で戻る”ことはできるでしょうか？ファイナンシャルフィールド9/2(水)13:50,https://news.yahoo.co.jp/articles/39ed9715918e1cb68a0bc889ccd6d076e92fe950
3「いろいろ見えてる（笑）」レースクイーン姿の信子がサーキット爆走　乱れる衣装に視聴者心配ENCOUNT9/2(水)13:53,https://news.yahoo.co.jp/articles/46333cec92d271649c910fa94fbbb92ab36ab7f6
4ファーストサマーウイカ、いじめ被害を告白したインフルエンサーに“痛快”な一言オリコン9/2(水)12:49,https://news.yahoo.co.jp/articles/abebe769490be306f460347eb63bbdf7b0a69e2d
5電車に乗っていた女性→ふと足元を見てみると……　まさかの光景に「悲惨すぎる」「気を付けて」ねとらぼ9/2(水)11:45,https://news.yahoo.co.jp/articles/b5d59a88c10772cf9450f1ac367e39d2e2176d1c
1三菱自動車、新型「パジェロ」世界初公開　7年ぶり国内復活　10月に予約開始　専用ラダーフレームを採用日刊自動車新聞9/2(水)13:15,https://news.yahoo.co.jp/articles/cef4a6847f21a926f887a9d9b653f5e2ae2b3df7
2辺野古沖転覆事故「自分のせいだ」と漏らし…　同志社国際高校の59歳教諭が死亡　「校長に『休職させてほしい』と願い出るも、引き止められた」デイリー新潮9/2(水)11:42,https://news.yahoo.co.jp/articles/e471aed377d227b5db92ff298c304c3b947e0ad9
3「父親とけんかになって、はさみがのどに刺さった」殺人未遂の疑いで17歳女子高校生を逮捕　父親は死亡　滋賀・近江八幡市MBSニュース9/2(水)14:50,https://news.yahoo.co.jp/articles/60b4e4f82a60d2b7236ddc25a1ad19f5cd1f4d64
1ホテルから少女と出てきた男性に「こいつ15歳だけど」　男性から現金奪い暴行か、少年少女5人逮捕日テレNEWS NNN9/2(水)12:280:52,https://news.yahoo.co.jp/articles/52bee60aabaa8e6bdbad77c40dc1f982f12c824d
2「希望は消えた」土石流で作業員閉じ込めのトンネル、ドローン捜索も生存者の痕跡なし　ネパール北部ロイター9/2(水)12:120:42,https://news.yahoo.co.jp/articles/36ce4e643e6c8a304c98fe1bccf170cec8ef1acf
3【速報】地下街「あべちか」で女性が襲われた強盗殺人未遂事件　警察がベトナム国籍の男を公開手配　運転役か　7月31日を最後に足取りが途絶える　これまでにベトナム国籍の男女3人を逮捕関西テレビ9/2(水)14:000:11,https://news.yahoo.co.jp/articles/67bdf615cc8ecbcde3390102ea0abff31d6bbe20
2桑田真澄の退団“真相”告白・阿部前監督言及は巨人との決別宣言か〈U-12でも優勝の指導力〉で“買い手”数多週刊女性PRIME9/2(水)11:51,https://news.yahoo.co.jp/articles/bf7b80d464fe7c2127aee96b22c05a1384b94a30
3「下品な輩に抱かれる為じゃねえ」人気女性モデルが”枕営業”被害を告白…SNSでは悪質な要求に「やり方が汚い」と怒りの声女性自身9/2(水)11:00,https://news.yahoo.co.jp/articles/acdd31985535d69ac3dc955be42c458eaf6ff8b0
4「小園海斗さんと離婚しました」報告の24歳・2児のママモデル、総フォロワー数180万のSNSに高い注目度ピンズバNEWS9/2(水)12:09,https://news.yahoo.co.jp/articles/11d043cd5d3bd9a14522f95fa2549b829462297e
5「葬式にその格好はない」板野友美、新作ワンピ紹介でマナー巡りSNS沸騰「とってもステキだけど…」ピンズバNEWS9/2(水)7:00,https://news.yahoo.co.jp/articles/0ba4b9ddf1886619fb9d19404d800193abf58013
